0,1,2,3,4,5,6,7,8,9,10,11,12,13,14,15,16,17,18,19,20,21,22,23,24,25,26,27,28,29,30,31,32,33,34,35,36,37,38,39,40,41,42,43,44,45,46,47,48,49,50,51,52,53,54,55,56,57,58,59,60,61,62,63,64,65,66,67,68,69,70,71,72,73,74,75,76,77,78,79,80,81,82,83,84,85,86,87,88,89,90,91,92,93,94,95,96,97,98,99,100,101,102,103,104,105,106,107,108,109,110,111,112,113,114,115,116,117,118,119,120,121,122,123,124,125,126,127,128,129,130,131,132,133,134,135,136,137,138,139,140,141,142,143,144,145,146,147,148,149
sheet,certainty,market,plan,midstream,convertible,midstream,site,tactical,regime,russia,variant,climate,term,company,fixed,fiduciary,investment,insurer,estate,etf,retirement,premia,unum,cell,fish,concentration,nasdaq,story,gift,module,loan,hsas,tapering,labor,step,market,value,digital,yield,municipal,model,woman,question,cycle,latin,august,debt,client,unrest,personality,boardroom,tantrum,esg,pressure,inflation,language,expansion,scenario,stable,meh,year,economy,stagflation,israel,specialty,bubble,printing,iran,zero,inflation,ip,fixed,bond,election,september,qqq,earnings,europe,value,quiet,prosperity,dol,emerging,company,bitcoin,coordinator,complex,vaccine,position,alternative,virus,objective,commodity,lii,language,recovery,china,semiconductor,client,payment,yield,outperform,tax,virtual,saving,real,student,luxury,baby,esg,market,know,synergistic,loss,client,scare,ecb,milevsky,cancer,october,vaccine,word,strategy,stock,stable,rate,cycle,energy,equity,wall,innovating,budget,indication,participant,sell,matt,retail,company,talley,cycle,reit,esg,fed,nasdaq,leadership,trend,buy,mosers,mid
fed,vaccine,fed,retirement,august,issuance,gas,location,wave,indicator,ukraine,delta,cop,rate,tech,clawing,heightening,zte,estate,real,pollackov,plan,policy,program,cancer,premium,index,qqqj,showtime,student,professional,senior,hsa,rate,job,five,historically,stock,blockchain,bond,bond,dating,men,blind,peak,american,sleepy,ceiling,room,election,boardroom,presentation,fed,engagement,ukraine,bank,participant,cyclical,inflation,value,market,inflation,inflation,fed,economic,estate,irrational,company,raisi,net,shutdown,committee,income,fed,georgia,reputation,nasdaq,corporate,stimulus,professional,july,interactive,audit,market,exceptional,cryptocurrencies,manager,financial,vaccinated,allocation,based,school,take,refocusing,illustration,maslansky,household,growth,chip,mary,digital,high,region,widening,zoom,virus,asset,loan,brand,boomer,fixed,stock,ago,constructing,tax,professional,cycle,fed,retirement,test,sequel,season,consulting,multi,market,value,cycle,stock,midstream,emerging,tapering,plan,president,grade,globalize,vaccine,brill,industry,chain,stock,fed,utility,etf,night,index,disney,event,high,survey,outlook
balance,tax,inflation,saving,quarter,company,month,change,allocation,survey,oil,vaccine,emission,bond,opportunity,posting,plan,extraordinary,real,debt,eric,participant,liquidity,employee,drug,salmon,holding,company,hnw,gifting,client,rate,health,fed,wage,three,history,room,asset,year,yield,separate,retirement,spot,global,equity,muted,limit,practice,civil,presenter,part,market,proxy,inflation,central,option,inflation,risk,strategy,monetary,rat,remarkable,inflation,vaccination,sector,exuberance,patient,deal,transition,year,fiduciary,report,market,divided,stock,innovative,company,japan,financial,september,picture,plan,growth,step,gold,service,capability,country,macro,portfolio,wound,unique,softness,annuity,risk,spend,reform,computing,practice,contactless,rising,asset,deficit,presenting,household,plan,debt,channel,retirement,income,term,said,managing,harvesting,golden,policy,inflation,centre,colon,stock,worse,maslansky,market,horror,dedicated,inflation,rate,developing,participant,job,learn,infrastructure,continuation,thinking,covid,remember,normal,supply,inflation,tightening,amz,tomorrow,inflation,ticker,pattern,year,sell,retirement,investment
background,negotiation,year,participant,month,billion,amz,zte,economic,manufacturing,russian,omicron,energy,short,smaller,income,participant,extractive,size,asset,capital,language,expectation,retirement,tumor,food,risk,etf,uhnw,loved,right,fixed,retirement,inflation,april,complexity,overreacting,cap,cryptocurrencies,fed,stephanie,compensation,language,financial,equity,driver,describe,treasury,management,hayes,type,presenting,cycle,climate,week,ecb,menu,meaningful,base,plan,policy,lunar,year,price,population,property,speculative,slm,iranian,carbon,prevailed,plan,global,yield,market,spoiling,unwavering,quarter,could,investor,realization,see,cybersecurity,drive,structural,investor,client,challenge,per,summary,objective,camp,financial,bode,statement,partner,crisis,consumption,connected,relationship,online,rate,decelerate,budget,living,economy,diversified,platform,digital,gen,universal,recovery,six,team,underperforming,financial,rate,policy,moshe,biocartis,movie,november,partner,risk,recovery,contract,economy,fomc,gas,plan,stock,forward,pay,reacted,world,market,overdue,overstate,earnings,brian,stock,increased,brighter,market,qqq,often,portfolio,market,cohort,year
reduction,brexit,investor,sponsor,crew,convert,nyse,mccarthy,across,expansionary,gas,israel,biden,market,software,benzel,lineup,extraction,skewing,oldest,head,menu,yield,benefit,killer,quality,top,gen,tell,plan,uncertain,income,expense,believe,shortage,team,ridden,run,cryptocurrency,treasury,larosiliere,team,gap,make,asset,cyclical,slightly,government,fee,tilden,workshop,maslansky,child,invesco,song,hawkish,plan,increase,market,preservation,strong,powell,growth,shortage,vaccine,real,stock,technology,administration,emission,sharp,member,market,inflation,government,month,sector,forecasting,economic,study,driven,tool,provider,withstand,trend,digital,room,client,week,outlook,factor,economy,three,optimal,required,leveraged,leg,infrastructure,cloud,grow,paypal,income,reflation,proposing,way,stimulus,estate,employee,business,plan,incorporation,investor,client,zte,investment,top,market,restaurant,outlive,sample,could,job,retirement,flexibility,possible,team,business,curve,demand,market,ecb,diana,proposal,tighter,capitalizing,effectiveness,grade,shopper,cost,year,easing,bps,clean,benign,etf,people,adhered,low,missouri,zte
occur,greater,china,employee,ebitda,capital,natural,corner,regime,framework,sanction,country,clean,rise,analogue,tim,protection,extra,investing,residential,norm,income,basis,carl,immune,burger,five,development,presentation,contribution,financial,interest,employee,debt,report,objective,volatility,growth,etf,rate,head,joint,saving,answer,tactical,four,benzel,congress,wealth,electoral,keynote,stake,purchase,initiative,inflationary,boe,trf,continue,transitory,manager,week,risk,expect,nixon,country,post,minsky,technique,president,client,medium,decision,liquidity,tech,special,bad,company,tailwind,composite,account,impression,money,sponsor,gravity,organic,beneath,specialist,life,virus,factor,approach,could,content,weighting,plan,resonates,shaped,xiaoping,amd,fail,card,fixed,continue,collecting,presenter,unemployment,tip,employer,developing,millennial,enhance,protracted,social,extent,harvest,hour,delta,economic,ing,company,september,get,order,equity,government,capability,equity,yield,natural,strategy,week,winalski,green,monetary,enduring,offs,upgrade,destination,impacted,market,generally,period,energy,policy,invesco,structure,privilege,saying,education,external
fomc,unlikely,biden,employer,rig,class,quarter,maturity,measure,expectation,price,vaccination,policy,october,sized,managed,strategy,externally,class,investor,global,option,removed,retiree,antibody,consumer,nearly,research,prospective,accelerated,research,rising,care,upgrade,contact,greatest,overcoming,screen,investor,inflation,strategy,respective,protecting,profound,unstable,beaten,tim,measure,structure,contested,resonate,consulting,taper,voting,omicron,hike,tdfs,expectation,toward,investment,stock,fed,trend,semiconductor,opening,allure,market,year,jcpoa,greenhouse,measured,responsibility,explores,curve,unified,vacation,savvy,massive,expect,priceless,trajectory,professional,prepare,rewarded,compound,price,organize,necessary,covid,asset,allocation,economic,come,shake,disclosure,backward,positive,deng,device,serve,change,environment,rotation,revenue,audience,stalling,category,save,consumer,framed,survey,economy,firm,extra,offset,never,drawdown,car,ifid,thrive,sell,covid,financial,exposure,week,invesco,real,point,nation,international,worry,suite,presidential,bond,fueling,effective,emerging,revert,guidance,growth,fortunately,declined,space,kept,fund,needed,sustainably,day,employee,extraction
reducing,biden,team,account,completion,new,bps,max,recovery,global,europe,covid,environmental,steady,usual,quarter,investment,externality,respondent,consume,grade,want,market,student,nektar,world,capitalization,cap,net,year,matter,risk,cover,transitory,bonus,list,mentality,radar,exploring,investor,recap,client,found,aspiration,approaching,disruptive,managed,borrowing,comprehensive,presidential,others,language,outburst,stewardship,would,fed,target,regime,developed,sponsor,entitled,animal,next,definition,data,corona,investing,metal,nuclear,asset,aggregate,service,emerging,talley,democrat,rough,drawdown,interest,pmi,defining,reversal,visualization,cyber,global,area,hedge,seminar,shoulder,page,neutral,aligns,data,step,strengthen,lifetime,educated,year,multinational,company,request,pay,performed,accommodation,federal,era,growing,participant,management,good,similarity,study,dollar,rejected,externally,ordinary,model,drawdowns,monetary,distilled,pcr,fed,mean,research,asset,disappointment,manager,meaningfully,hike,coal,allocation,forecast,lookout,book,policy,help,stock,fixed,lean,paint,rate,occurred,midstream,solar,tightening,access,general,learned,often,contribution,extra
federal,election,stock,education,second,rescue,distribution,maximize,global,decelerate,commodity,effective,united,fall,service,grade,decision,external,examining,class,market,study,outlook,income,nktr,luxury,egg,growth,worth,education,resiliency,floating,saving,expect,fed,practice,bout,large,access,higher,outlook,phase,placing,proposition,exhausted,potential,caused,bill,service,vote,presentation,unique,tapering,network,russia,policy,fund,leading,tail,option,earnings,metal,end,supply,covid,coalesced,greenspan,print,biden,reaching,term,expense,march,stock,obama,decline,innovation,revenue,dip,defending,reverse,lucrative,participant,cheaper,growth,diversification,cfp,team,believe,sector,solution,self,journey,prolonged,assumption,find,economy,feng,server,wish,visa,historically,style,administration,meeting,losing,compelling,refinancing,industry,millennials,neilson,coronavirus,approached,externality,tech,maintain,uncertainty,scarring,accumulator,tumor,market,weather,investment,liquidity,expect,specialization,money,year,renewables,asset,catalyst,extensive,plan,negative,smarter,indonesia,north,reimagining,raw,recovery,defensive,appreciated,exposure,cycle,capitalization,must,monetize,reverting,participant,externally
last,uncertainty,chinese,contribution,bpmp,market,mlp,maximizing,translate,economic,bank,concern,bbb,benzel,commerce,nicely,devising,extent,realistic,opportunity,action,age,emerging,gagnon,body,company,weight,next,need,ugift,performer,consider,account,market,childcare,member,turbulence,september,us,rise,update,account,plan,answered,stabilizing,improvement,grade,security,step,democratic,adjustment,partner,parent,philosophy,expectation,rate,investment,market,would,retirement,economic,accommodative,pre,embargo,activity,reconsider,price,bico,supreme,goal,level,discounted,strategy,announcement,tax,sell,tended,bad,recession,uncovered,bond,financial,risk,contraction,patient,high,input,insight,people,risky,asset,camper,phase,degree,income,teamed,economic,embarking,compute,business,yoy,relative,accelerate,market,professional,adequate,protected,graduate,real,reflecting,show,breadth,fear,external,sale,hamstring,growth,rate,persuasive,sequence,rating,month,freedom,return,election,expansive,year,fed,production,offered,market,companywide,affair,central,untapped,variant,market,exclusive,issue,economy,performance,rate,selecting,slowdown,large,individual,oppenheimer,unrealistic,engage,externality
